,x1,x2,label
0,8.852182180306578,1.4773528400672613,1.0
1,8.27687513890391,7.704249396742714,1.0
2,-9.716315775780284,10.098665162359248,1.0
3,-13.808221159286491,3.227044003312806,1.0
4,7.330232523397208,-4.5381562280987575,1.0
5,-10.170529249768094,-3.8578672047292177,0.0
6,17.96571674954109,-0.703812997964426,0.0
7,-9.024930904605185,-5.424389314662953,0.0
8,-6.712876952695852,12.066595173947475,1.0
9,2.066340110063936,12.281334070407684,1.0
10,-11.822797400322084,6.9893095392080316,1.0
11,-8.76982185053608,10.252483553551386,1.0
12,4.857546869533745,-3.1757604603195064,1.0
13,12.635135395027419,-6.572599281500187,0.0
14,-2.5546134375688005,12.913391293448456,1.0
15,-4.701711164409988,6.149810852681331,0.0
16,4.275433812835077,8.608311805151178,1.0
17,-15.894202337699806,4.003956550412852,1.0
18,7.282668133719632,-3.606286970415935,1.0
19,7.857709337970195,-3.79743697960416,1.0
20,-14.091253965173639,1.5790883898067727,1.0
21,-14.078400011598168,6.114481028069808,1.0
22,11.468425968475957,-7.524011363890775,0.0
23,-13.94471591175912,7.568465873512416,1.0
24,-6.726151139613022,2.698830694700268,0.0
25,10.070105546713092,-8.774048361588767,0.0
26,-4.754277508890437,-12.378440776299648,0.0
27,-8.500456504211162,10.167120588479554,1.0
28,-8.623830927189902,2.4005008108300636,0.0
29,-2.9173200245723585,-12.006079562087294,0.0
30,-7.808145744700518,10.23494285844848,1.0
31,-0.7970552150367425,-5.477114108780482,1.0
32,4.1946041144559665,-5.237420420874143,1.0
33,9.735722700551282,2.9901433360867196,1.0
34,-12.185465950931327,9.117192994586068,1.0
35,-11.881356463624776,5.2935976700662035,1.0
36,8.313443481640535,7.75984314413402,1.0
37,-8.790238507453905,-6.454559450543606,0.0
38,13.607626366603448,-6.776691771715879,0.0
39,-16.355807034391262,0.7317286236823266,1.0
40,-3.9965824993300014,7.224542258991223,0.0
41,-2.372487058808317,-1.3134664938369833,1.0
42,-2.296422618946258,-11.15295797816099,0.0
43,-12.425934126766954,3.1193913226876155,1.0
44,-3.609126566854023,7.801374732535637,0.0
45,-7.279458379643151,4.776876461633401,0.0
46,10.468207091166558,-7.5670908952127895,0.0
47,-14.961728513403616,3.3098647760204796,1.0
48,-8.58924755492764,-5.7126342968811175,0.0
49,15.028540014398292,-3.0686352841286486,0.0
50,5.446873015075441,-4.367868444516048,1.0
51,8.299275013857544,-3.6100228314080525,1.0
52,-0.2601879442396787,-5.611437083905115,1.0
53,8.207836580812979,5.282739258416785,1.0
54,-5.962913862709347,2.940385229944953,0.0
55,0.24897565120691822,-11.827211682416179,0.0
56,-8.739118733324801,-4.765928216794102,0.0
57,9.745855589079166,3.698464473453874,1.0
58,-6.348065727848692,5.465956059537167,0.0
59,-6.290567719085569,14.327053873331288,1.0
60,-0.48085715216026914,10.977844413244567,1.0
61,-9.563242269618172,-4.912067452092263,0.0
62,7.027884001607843,-11.237866955556933,0.0
63,-2.9114045155805837,-5.000140863536741,1.0
64,0.7492784694599963,12.952529530119365,1.0
65,-12.067684578636072,6.523732657936117,1.0
66,0.9954108799895889,-12.300915513137669,0.0
67,12.258807308558929,-7.8110493074516505,0.0
68,15.067335705691685,-0.5949033158452639,0.0
69,15.772267144689868,-2.7257662030005383,0.0
70,3.27187366319437,10.772208437116115,1.0
71,8.496562206376518,-3.5637979918749894,1.0
72,-9.396481605101426,-4.073746843536183,0.0
73,14.491212579496219,-2.331500876207256,0.0
74,3.2316869044697065,-7.290931353236147,1.0
75,-8.105412102159187,3.8284452351580556,0.0
76,-0.30567085583068676,-12.750755583416229,0.0
77,5.432960015378459,-11.468779146837246,0.0
78,-4.5531621253278445,6.617461157189597,0.0
79,-0.2236580159957655,5.650616423132424,0.0
80,1.233989791336907,-4.481432537721234,1.0
81,3.70300723959823,-14.106984011655728,0.0
82,2.682525898515656,-11.867930632614526,0.0
83,7.445986392013519,7.184094787431698,1.0
84,-16.14086699567523,1.8012063319874567,1.0
85,14.498831335490214,-3.271589825026946,0.0
86,-6.432104764683874,-8.932069934361907,0.0
87,8.586315157274306,-2.6358646228162765,1.0
88,2.932620320881023,10.699559472739356,1.0
89,-6.498158005041344,-11.040002570320773,0.0
90,-15.074399491653779,0.5414801690281696,1.0
91,15.046335414104647,-0.46626450673044073,0.0
92,-7.981641688168858,2.2540070588862378,0.0
93,-2.6464463994764253,-11.679120727406522,0.0
94,3.541784454818629,11.360854167490848,1.0
95,-0.6450513546075936,-6.365961342783475,1.0
96,4.782480928968301,-13.419152990473588,0.0
97,15.903351600782887,-0.16045383558615578,0.0
98,11.023528889231464,-8.991598281916984,0.0
99,-1.8357264851215882,6.975749646539838,0.0
100,0.2991375237641607,-12.62221741776889,0.0
101,8.645954808680568,3.9548626564581215,1.0
102,-6.487333475641319,-8.432536275279787,0.0
103,-7.399040764726953,5.065569422941926,0.0
104,-11.271129032881111,6.546350805912678,1.0
105,-4.061050335929817,-11.931557879369008,0.0
106,-3.427697140838161,12.23361851485577,1.0
107,15.252205224144367,-1.973821461016703,0.0
108,15.331065443965398,-3.7921092157778697,0.0
109,-14.404238816413807,2.3783998372374833,1.0
110,8.588643446520198,7.266613856528211,1.0
111,3.8084549121407956,-11.902227960788013,0.0
112,-5.958892501615134,5.8010655543370575,0.0
113,10.271103250285623,1.9173156768371162,1.0
114,15.914996003376247,0.4416064690580459,0.0
115,5.966754640002553,6.6334567746911315,1.0
116,-13.202078107689404,6.917169850948545,1.0
117,9.437914462614476,0.1951082976006826,1.0
118,6.195127603287862,-9.577966974240617,0.0
119,1.6488884184866561,11.976849739014407,1.0
120,14.947944998562527,-3.097829219774379,0.0
121,-14.72151702188335,5.486954619121426,1.0
122,9.595313114941947,6.28612248440993,1.0
123,1.4817557653758773,-13.203732956432013,0.0
124,4.796952183328933,-11.474663415980862,0.0
125,2.673322500338889,13.041231716103177,1.0
126,-3.0875306849419815,4.221341469235918,0.0
127,-13.96188102501795,5.4907697785398994,1.0
128,6.709509653592111,7.0101671527962095,1.0
129,-8.637323638798975,0.40519337652382204,0.0
130,8.549615223519481,-5.192127483391346,1.0
131,5.2127214379504325,7.970448212958484,1.0
132,-5.434287302834337,5.54859349881943,0.0
133,-5.186384861101158,-8.251721364172115,0.0
134,1.7848483894303944,3.9900997661355255,0.0
135,8.101770297002481,5.979482140780655,1.0
136,-4.1716933487795265,14.545942202584913,1.0
137,-0.6319351630658347,-13.569929959765007,0.0
138,-4.050205272237286,11.165265885003704,1.0
139,-9.741761393092183,2.2441845064765316,0.0
140,4.446818237683974,11.834739629125997,1.0
141,-6.533655527803357,12.011865925121203,1.0
142,9.948190695146584,-0.05653288443167748,1.0
143,11.178788067114821,-9.99028148384484,0.0
144,6.064592568675191,-3.0382544980860766,1.0
145,-8.334965876081064,-1.383129240349982,0.0
146,3.5957554585466047,-14.247529986384192,0.0
147,-10.421798825205384,-1.257818589710129,0.0
148,-5.150819444992421,12.296701758656182,1.0
149,-2.0374075552381594,-2.677377540720527,1.0
150,-4.851848234234875,13.052242824922981,1.0
151,1.491518922136769,11.403227417024462,1.0
152,7.7245124442291075,10.353018889071741,1.0
153,0.4236028441886396,13.539506383098315,1.0
154,6.80324097171713,-3.811587027002561,1.0
155,2.9888082420775923,12.837188922702467,1.0
156,-8.437660666446332,3.5240013533069865,0.0
157,1.3644917658778437,6.212837425332091,0.0
158,6.660658879447637,-2.6695893233321693,1.0
159,-7.908838404402506,-1.8780513024152499,0.0
160,-5.57238646013975,-9.914632365099095,0.0
161,11.741913649159457,-5.922562637235282,0.0
162,9.15182677130908,2.1057758244039992,1.0
163,9.549781742862896,-11.053289943380392,0.0
164,-3.3744386639049107,-4.485465957749604,1.0
165,9.925065129757723,-0.2882225197097513,1.0
166,4.277870793579438,-7.893228252255439,1.0
167,-8.89672923499024,-6.173739717201759,0.0
168,4.085444849239132,4.410979887464175,0.0
169,0.5480327907284901,11.95874333534285,1.0
170,-10.483723536089132,10.629789135722495,1.0
171,-13.577702345850732,5.4280630902601095,1.0
172,9.385874269058792,4.183434821380142,1.0
173,7.922675709103508,4.982505909153318,1.0
174,-6.547225902033191,12.603285132143982,1.0
175,9.844057632850562,-9.443077760171196,0.0
176,-9.420459470501902,-1.9852834075925272,0.0
177,9.045382712803654,0.3933435047493727,1.0
178,9.862228103982224,-10.962447896900754,0.0
179,-16.726784481899173,-0.10534526759742957,1.0
180,13.789333736419927,-5.958970205017966,0.0
181,7.696009472000314,-2.7116460868662458,1.0
182,16.182245768439266,-5.809034162743186,0.0
183,-2.1088048652017344,6.183047862392621,0.0
184,-4.09484526772692,11.89123554710186,1.0
185,-10.929698556780808,10.63952670797992,1.0
186,-14.386201236341739,4.4868362464834215,1.0
187,-4.249813333955042,12.587697872994584,1.0
188,8.126152812735116,0.8459658069386151,1.0
189,11.700801824910682,-9.124246064665115,0.0
190,1.7179419411756363,12.253005452938291,1.0
191,-6.934990763714946,3.5171652190680835,0.0
192,-8.527529930411621,-1.272890054413225,0.0
193,-5.527263434689076,-12.24233336479352,0.0
194,-6.0188364141820125,-10.492240732372672,0.0
195,-16.615521427023566,0.4986814254391828,1.0
196,-13.211650965108594,7.814596950607488,1.0
197,4.131472109651725,0.5997868899552022,0.0
198,-15.512464034081708,2.1183654051213647,1.0
199,-12.195236097628442,5.49846646112434,1.0
200,6.999160449868103,-3.1313660067574536,1.0
201,-1.824174157844154,5.392931792686198,0.0
202,-8.438150412702448,-5.931999370229334,0.0
203,-7.409545057418113,3.8867532632562227,0.0
204,9.360326802190965,-10.283380801022766,0.0
205,-9.759968438792143,-7.201276420352317,0.0
206,-6.782331409958481,1.7913998985607664,0.0
207,-5.554704465557767,5.062461488686726,0.0
208,-8.260406139543042,3.1077252904903996,0.0
209,15.747505813399101,-4.576712952559952,0.0
210,1.5742164804912553,11.11190248654853,1.0
211,-1.3754556850171467,5.388032716408831,0.0
212,13.807105706344064,-6.484405305413878,0.0
213,6.215084759859215,-2.180670509777562,1.0
214,-6.683687152746788,11.45073307537698,1.0
215,-15.38597571141243,3.771886701390202,1.0
216,-0.6231764993049151,-7.343769362500409,1.0
217,-7.351252932606479,-10.199140607924866,0.0
218,14.960424932987925,-0.4632494489366701,0.0
219,-9.171304053473298,11.55643645976646,1.0
220,0.08159501840592176,-13.390204619421826,0.0
221,-7.961563030174896,-4.531798789195561,0.0
222,8.186925501211483,7.123343986606621,1.0
223,-14.504351650988154,2.1737248681280295,1.0
224,3.5074431158903385,-5.8005114375382885,1.0
225,13.421193697296621,-6.252846957044648,0.0
226,-8.602958092679918,-0.7449100840340444,0.0
227,-1.2724732306482416,-12.580740011693191,0.0
228,16.520192399765286,-2.2249653021145352,0.0
229,13.208672174123423,-7.192609683567508,0.0
230,7.022953189616268,11.72274941567394,1.0
231,-4.416821260821909,11.969890097139839,1.0
232,6.3059676884562315,-4.136919899640615,1.0
233,-6.4353504643895265,7.3657145407106075,0.0
234,-13.094334028935625,9.62956914255803,1.0
235,-10.092301897801793,5.094351589955735,0.0
236,-8.263423382344776,11.469204185965147,1.0
237,-0.5487902510191712,11.715076665859804,1.0
238,-1.2336729815615555,12.642883919584692,1.0
239,-5.137287622506764,-8.247444195716788,0.0
240,-0.8231995840017268,-4.124000295922004,1.0
241,7.223763600386512,7.841624871017179,1.0
242,4.810207776390753,-12.032425454421054,0.0
243,-9.033114954972321,0.09328650828048204,0.0
244,12.419292622500155,-7.097293357288003,0.0
245,13.096630148405486,-8.58043871015088,0.0
246,15.315935756911683,-0.9865429945545854,0.0
247,8.064133325133913,-12.334890706329551,0.0
248,-1.3013398765468394,-12.44919910417388,0.0
249,-13.47513842898966,3.7631538004853042,1.0
250,13.850495233265951,-3.5089342552444562,0.0
251,-3.892891947911237,12.426304278078636,1.0
252,-4.27328805559261,-10.227572214456064,0.0
253,8.825481334108364,4.90670432410899,1.0
254,-16.0179492686586,3.7032256819246587,1.0
255,12.371831408024303,-7.9234225540631265,0.0
256,10.25093620816122,-7.093632022016372,0.0
257,14.553544978175163,-1.394216520331423,0.0
258,-7.44991519494808,-3.376625864522402,0.0
259,10.58535453294589,-11.140503465209846,0.0
260,-2.787273946470245,-3.0075554427332842,1.0
261,-6.3936352485013135,3.7376361919271206,0.0
262,-4.240460477708899,13.270049229006274,1.0
263,-11.508753570572475,10.725952313748342,1.0
264,-9.561246122768127,-4.937175297115315,0.0
265,1.276672255585582,-12.87914939786242,0.0
266,-10.250535034268344,-5.574618536839759,0.0
267,13.248543977008607,-8.864001287962536,0.0
268,14.69132289818836,-2.108837428579396,0.0
269,2.883433205209759,3.9806853740885053,0.0
270,-4.914947900888985,-9.102064303175101,0.0
271,15.325773658762042,-0.6188665328108622,0.0
272,-5.307129938860951,12.694133038739126,1.0
273,-4.391438884991413,13.172306836020036,1.0
274,-15.431152010098492,3.7415115744758745,1.0
275,16.600517446166727,-1.8593860416535988,0.0
276,13.736904466237645,-5.740255580842108,0.0
277,-8.521141821222013,-3.4717203957879126,0.0
278,-9.053192700093478,10.015024265241594,1.0
279,-15.51231542634882,2.715798746743355,1.0
280,3.237431636514456,-12.753179361848302,0.0
281,-12.665626489147678,7.893061052123239,1.0
282,5.7287956488696565,-12.42142021114783,0.0
283,9.718121976520239,4.601423909395135,1.0
284,5.657383956507536,-12.19251840465991,0.0
285,0.9877097424397117,2.728220252901981,0.0
286,-13.783399015197647,4.541427012746714,1.0
287,2.6023453647288246,-12.597854291076503,0.0
288,-3.831643548484859,13.234398866549872,1.0
289,-14.101483723975152,1.6196898009888563,1.0
290,10.585648921102036,2.9366465478897297,1.0
291,-8.851026051367025,2.9456869366230958,0.0
292,-10.848674732266522,6.415270643324407,1.0
293,15.163098254272334,-3.6920280262222605,0.0
294,-12.380010838841045,8.128494256168608,1.0
295,-16.071136140245358,3.7611794991654666,1.0
296,-7.213442824914209,3.3051444169945228,0.0
297,-12.351316846005084,6.281450771155242,1.0
298,7.026694460748808,9.02619254182455,1.0
299,-15.501552102983602,3.02998193595598,1.0
300,-13.506671337320062,3.2046018528663405,1.0
301,10.549778573004016,1.6757325150741114,1.0
302,16.96374503475214,-2.7246816348229164,0.0
303,1.0502410130482334,-11.891360975466366,0.0
304,9.557961905120397,1.0801642936188953,1.0
305,11.817292507369963,-7.505991113023832,0.0
306,-10.492397005827097,9.25790432683157,1.0
307,-16.079095469565598,3.9174294676138697,1.0
308,-4.02894259601958,-10.22525867237167,0.0
309,0.16597308376247638,-7.163970112360041,1.0
310,16.70079551443128,0.27026819742034247,0.0
311,-11.308343944490282,-3.141224409427945,0.0
312,-8.059929290543396,5.073488037602915,0.0
313,10.75646081232549,-7.3707537986126335,0.0
314,9.33628056706231,5.433545377451731,1.0
315,3.5086911211090435,-8.078710463556904,1.0
316,8.205381912599428,-5.4219668776199,1.0
317,-3.891866322211619,-0.47925534281943594,1.0
318,4.873997772555626,-5.3497978767482115,1.0
319,15.554740017063684,-3.5425946555115955,0.0
320,-13.270647975700566,4.529296676959117,1.0
321,9.399830354883063,6.670114923291034,1.0
322,-9.126543912278672,11.069140410669652,1.0
323,5.681131621825127,7.964705816414427,1.0
324,15.761132209156244,-1.535938470622444,0.0
325,13.38703586907128,-2.360023353768609,0.0
326,11.817182315696204,1.6482502845985825,1.0
327,-9.838305933285193,-0.6029119762016417,0.0
328,9.082839662228187,5.284636804476853,1.0
329,7.505754344639811,-3.8729735208007794,1.0
330,3.819606141490204,11.596757097446117,1.0
331,-3.5616972418158257,12.313190129635474,1.0
332,14.999182878870037,-4.9959282064126365,0.0
333,-0.7315733101992445,12.588600512039582,1.0
334,5.030624356091145,-11.991533630311785,0.0
335,-10.885624727514926,11.701322970458433,1.0
336,-5.5480987369789565,-8.979109156508787,0.0
337,3.385410799872217,-5.743703826742758,1.0
338,7.745214122928422,10.639828860156415,1.0
339,-15.59767619322739,3.9031174943437126,1.0
340,-15.21520632618719,4.855496691012869,1.0
341,2.814955520842659,-5.602933165693684,1.0
342,-3.6662975955385275,-3.3182991365931804,1.0
343,-4.006146434860718,7.232426623185132,0.0
344,-1.8851266511343687,12.953186437076123,1.0
345,5.766445841694833,-4.64769911822991,1.0
346,15.075236916786215,0.013880966264488759,0.0
347,15.10556227440852,-5.246920364645295,0.0
348,-5.4759929122713515,11.390671032143214,1.0
349,11.537082976471858,-11.544419768927375,0.0
350,-6.674830464883271,-7.319362690330495,0.0
351,8.60209339863795,7.251820210407865,1.0
352,14.29852647857856,-4.172381573297798,0.0
353,13.024713982423478,-2.0659586491922535,0.0
354,0.8791833431401366,-13.508801075203515,0.0
355,-0.5519465075938421,-10.695548453315611,0.0
356,-14.526895891793608,6.883198972219209,1.0
357,6.390877045270275,-12.560776051471708,0.0
358,-12.745145409378397,8.021599915975177,1.0
359,4.194835206383216,10.94139015456633,1.0
360,5.255964222255755,-5.599022075125022,1.0
361,14.004477911155549,-4.820167297806792,0.0
362,10.872621395497667,-6.57314279890285,0.0
363,-6.1968870275934025,13.222455305819327,1.0
364,-8.211970075232504,-8.893704304897106,0.0
365,-8.615866726549744,3.569463141340164,0.0
366,-0.054966193220796385,7.005259752468426,0.0
367,14.720150582124063,-3.5154558787576193,0.0
368,11.65545229729833,-11.906711463324754,0.0
369,-16.770375686876008,0.48011798599952,1.0
370,-9.704399291821572,-1.4302181842571828,0.0
371,14.118707499748202,-4.950466616938279,0.0
372,-6.770588940695611,-10.033912272616602,0.0
373,-8.902877421690283,12.440452189156671,1.0
374,0.555717605799732,13.356480581971235,1.0
375,0.14841337448719294,-6.417474281464072,1.0
376,7.794491088100163,-4.400658477218751,1.0
377,7.759467119683263,-3.7702241523001234,1.0
378,-16.167770300342625,0.8528163184608148,1.0
379,15.636065232695518,-2.744565799068139,0.0
380,-11.33940101597737,8.865135540855434,1.0
381,-0.12348616257049372,13.070368243832359,1.0
382,-6.212964848144229,-9.592000460974203,0.0
383,-14.474965674395579,2.531644119007291,1.0
384,4.194121448440195,-5.88664979697867,1.0
385,3.2787859863603632,-5.2281685610103015,1.0
386,7.7906219189940185,9.995567718665905,1.0
387,2.4671703904084143,5.308255306403761,0.0
388,-3.88617987747228,-12.149566277769557,0.0
389,-2.1371144045226567,-5.75404995953626,1.0
390,-4.10679171136338,6.562653612230496,0.0
391,3.840748713882431,1.371645205552618,0.0
392,11.691031149721011,-12.317472324100262,0.0
393,9.410479390904765,2.6530733599667977,1.0
394,-1.2811634784542882,-6.307129408277639,1.0
395,-10.923675420714096,9.342506927678949,1.0
396,3.3194235233167824,9.978173140323475,1.0
397,-7.217808044744089,4.286385365792916,0.0
398,10.024971155981413,-10.504988659564388,0.0
399,5.083329237463667,10.979460046089013,1.0
400,3.695461970254576,11.827276940258065,1.0
401,3.815529675656242,-5.303643408693414,1.0
402,-7.955260790638844,-5.537877003914607,0.0
403,-8.324930198633822,3.9337590468818515,0.0
404,10.094302858233887,3.0026482588706425,1.0
405,-2.8419777422731167,7.995596783635611,0.0
406,2.9318959264518885,13.178955584308095,1.0
407,-9.736300645973989,-3.8949157131361574,0.0
408,8.87801042512234,8.213906699857525,1.0
409,-7.670107299870344,2.745982547394087,0.0
410,-2.7428092887675817,-12.733685916582196,0.0
411,8.868681221668206,5.852777364607487,1.0
412,1.1396896733092952,5.948348110227607,0.0
413,8.985275100857166,4.141690756159366,1.0
414,-10.578747749736946,10.330776135466612,1.0
415,-7.036727065270838,-5.2518310068193035,0.0
416,-6.64023181501025,-7.414942210300813,0.0
417,11.176838075810142,-8.4036848954649,0.0
418,5.13571604401793,-6.140533990642042,1.0
419,-15.42406796545525,3.5028329306110924,1.0
420,-15.073076965691824,0.5568612109747031,1.0
421,-9.984932790751513,-4.198068844285478,0.0
422,15.770575941286548,-2.0811307112139694,0.0
423,-7.256858432828145,0.8448697782950525,0.0
424,-13.262566160945793,6.81160667840007,1.0
425,-1.555512090910505,-11.403158765202038,0.0
426,-12.394605375204195,6.850577023358861,1.0
427,7.446790890901699,5.866763522024941,1.0
428,-8.849200762038336,4.110832650730636,0.0
429,6.038759612424384,9.064359507799779,1.0
430,-11.047736906673412,9.831449973854461,1.0
431,-5.419727374527251,12.77735490414343,1.0
432,0.7296889573921943,12.82698514558484,1.0
433,-1.3526458413986502,13.469913119668075,1.0
434,14.24053035350629,-2.0243803565033707,0.0
435,-13.934517993268777,3.6477779204134744,1.0
436,2.7234126911606076,-13.933298407657475,0.0
437,9.327160259736559,-9.165797462131104,0.0
438,9.575314539002656,3.298850670157111,1.0
439,-0.8054369420747663,-12.272422655436024,0.0
440,14.806571130130505,-1.9047380167771713,0.0
441,-16.45607816617657,2.2560875110782033,1.0
442,9.795119206226616,1.504840780925874,1.0
443,-5.133724481979165,-9.924464096050158,0.0
444,-1.4911878453159837,5.5342247583528,0.0
445,4.659058681462376,-13.459988109884273,0.0
446,3.931090250624222,-5.569516170797027,1.0
447,-9.449394842224217,-5.704748170869,0.0
448,-1.6272172724644247,-5.114612637828837,1.0
449,-3.4543707165476336,-2.7850028473532786,1.0
450,14.253453095160706,-4.552269985171516,0.0
451,9.778414602569288,6.196716163969926,1.0
452,3.4557393189497163,13.78226765941044,1.0
453,-6.762811576423461,11.823184961830735,1.0
454,1.0191660587049083,11.944249976094621,1.0
455,-5.496645170920025,12.82294306191872,1.0
456,0.07275792486019872,6.756889730948376,0.0
457,-14.248191554977867,5.688132326301356,1.0
458,14.207241481733524,-0.8212458561972104,0.0
459,8.45689797751089,2.3558119784256455,1.0
460,-8.30119477529976,10.432857082559291,1.0
461,4.955264633770912,11.345954767502224,1.0
462,11.756170358142572,-6.766714650109089,0.0
463,1.3035514874227894,-6.037310490663628,1.0
464,0.0464820101525234,12.452947265999867,1.0
465,-8.227865975269367,-5.581658087767911,0.0
466,0.4733213775411399,-11.959727063819052,0.0
467,11.143392730043669,-9.78420514448985,0.0
468,4.693443352629322,9.22055355485345,1.0
469,2.5669042847805446,10.432196568603164,1.0
470,-8.912965903661222,-1.5903039564340968,0.0
471,-12.620100239582891,7.855707491612517,1.0
472,7.627124832004226,7.343095517406406,1.0
473,-4.553255029487768,13.397298485289005,1.0
474,8.27576278809072,-10.77692341422041,0.0
475,6.456282090999489,-5.76239715725538,1.0
476,3.087881833236136,11.78977363638234,1.0
477,-3.9135095518653746,11.928251915393849,1.0
478,2.8584144049478075,-12.748966652456534,0.0
479,-0.9778239579941417,9.031202254217288,0.0
480,-9.987812209806805,-4.430452337782683,0.0
481,-15.111493432581199,1.486975250385581,1.0
482,15.114225056091186,-4.009178103831442,0.0
483,-5.517947747555058,14.20088601400172,1.0
484,7.035956212754105,6.786659740862506,1.0
485,-1.1471143021904702,10.752367106154892,1.0
486,-8.259766510886644,-7.743980931850357,0.0
487,-0.5365039116707444,-11.472308697064808,0.0
488,7.586129555943129,8.620107897938265,1.0
489,7.471485577269879,-11.993756355707315,0.0
490,-11.499729063621949,8.498786982462772,1.0
491,-12.50018104571451,8.888348128373119,1.0
492,-7.352261063991712,5.669322208512461,0.0
493,1.4517909929838775,-5.428741426221476,1.0
494,0.29940820161096166,6.195717344191467,0.0
495,-5.134261078717671,-10.861308132626457,0.0
496,6.609712104453757,-6.736852531458459,1.0
497,15.018988659963618,-1.2677687558603934,0.0
498,-2.9684819320506333,-2.325454206986805,1.0
499,9.451919718262644,-11.36739831965869,0.0
500,8.96430763201784,0.43328786045997425,1.0
501,8.593160195173311,-10.178577238704662,0.0
502,-1.942803382972283,-12.7063905338215,0.0
503,4.888927791443913,10.829006370813655,1.0
504,-11.283236440320023,8.416909292214408,1.0
505,-2.7871661472979614,11.235269165500576,1.0
506,0.36734608093065635,-12.945510062837283,0.0
507,0.6635059600360367,-11.587320609814173,0.0
508,-5.6001898520217805,-10.238225399062776,0.0
509,-12.477791068988646,5.999387231590426,1.0
510,1.0227464726740951,-8.41658215097479,1.0
511,-2.7140606168256483,-13.587290280034527,0.0
512,-2.567178005590623,11.398890274005105,1.0
513,-14.38756700082079,4.707014663822552,1.0
514,2.662048119704578,10.952360488420588,1.0
515,1.0302971486445007,5.6876710781581785,0.0
516,1.1175015447926868,10.66816931001096,1.0
517,-7.757887878293862,-5.85314270243807,0.0
518,-15.015262191751347,3.7125525497880982,1.0
519,-14.857397068727797,1.1923431394064032,1.0
520,-9.695681159948252,-2.2443498945755835,0.0
521,9.019423612150707,-10.148594895807825,0.0
522,5.089486673406512,-11.843494816437257,0.0
523,-9.07596038702091,9.307438953764935,1.0
524,-8.769723067300054,0.4506647215793907,0.0
525,11.778387238093092,-7.595436075469864,0.0
526,7.105454894474149,9.507800271093185,1.0
527,-8.548675346705265,11.37844708451037,1.0
528,-5.858469384196522,4.252753621588403,0.0
529,-3.8538913099862,12.983492664478488,1.0
530,-15.002417593411089,1.022029303058479,1.0
531,-6.9785607004778845,-10.055948123409818,0.0
532,7.978329378443986,5.449378551943926,1.0
533,4.707063220162635,11.15062229678515,1.0
534,-8.477779892642012,-7.044614412958866,0.0
535,0.48295575326213247,5.62357472526446,0.0
536,1.6428445667200005,-4.667760710772985,1.0
537,-4.909295273579359,-12.433253428709017,0.0
538,5.187102346820517,11.59097920770657,1.0
539,12.882963298881988,-8.988253695251064,0.0
540,4.2583269790085865,-11.626039230541696,0.0
541,12.343083113627282,-8.780861717702463,0.0
542,0.9863592161961281,5.234962085567215,0.0
543,8.191081310325195,7.879577181714078,1.0
544,8.689840359346434,-9.624876553515135,0.0
545,9.7517981685079,3.1936751278621713,1.0
546,15.027117297303253,-3.915604477706877,0.0
547,-3.7293911810809925,6.669883707366375,0.0
548,5.470458811022809,-5.9434631626079035,1.0
549,-10.748358954218553,-3.2788723566973026,0.0
550,-4.848869026853469,-9.06277975530816,0.0
551,6.845258325343915,-12.732817503418733,0.0
552,6.010234141628833,-9.995575437177761,0.0
553,15.422109430177676,-1.4282395328981616,0.0
554,-8.470190015525723,-5.442690500108817,0.0
555,-3.131222203291264,-4.520015388889426,1.0
556,5.257573464596814,-7.640159068870362,1.0
557,-11.69283815490337,5.698427642066541,1.0
558,-8.737396581221834,10.68065113323352,1.0
559,-7.387132138155636,-2.5120719732648085,0.0
560,3.7397944727787733,-12.94839654332869,0.0
561,14.323274448526465,-4.925927080577251,0.0
562,-11.874117180944433,10.106228821946463,1.0
563,8.88940454121282,-4.242250927463317,1.0
564,-6.988568084923002,-9.411199462702376,0.0
565,3.8196796134081765,12.722390364544458,1.0
566,-7.534380571235026,-9.993146535433233,0.0
567,12.873802826496611,-2.7213074506381587,0.0
568,3.458171232751945,-11.726920647249287,0.0
569,0.6938028256686318,4.6651405029539985,0.0
570,14.277199207572242,-2.297311635637171,0.0
571,-8.994568349217413,11.748400168834968,1.0
572,12.198524676091921,-7.840881685106323,0.0
573,-11.097943544269796,10.475218133611222,1.0
574,9.604815825972269,4.569292844677397,1.0
575,14.410434203583707,-6.578378520373642,0.0
576,-5.727821617172175,12.290306397763503,1.0
577,-10.76272322961876,0.9218283120505251,0.0
578,-9.695599786273277,-0.7612528197474443,0.0
579,12.711538122490007,-6.292354857524204,0.0
580,8.795279749507277,7.445885527763653,1.0
581,-2.6832619470782637,12.125948838098363,1.0
582,-11.177055470295702,-1.5471889443969418,0.0
583,6.322086072801611,6.970910415483516,1.0
584,4.1188425777657,10.243445375288191,1.0
585,3.784471200317724,-6.982555262460515,1.0
586,7.938811976622783,-11.875402299906874,0.0
587,0.5311785654855339,12.780287560325993,1.0
588,-5.4103533795413385,-13.619053361747607,0.0
589,-4.678249399268653,6.158426779911009,0.0
590,-8.675042374219924,-5.947778058977394,0.0
591,0.9849185023087963,11.93911811896525,1.0
592,-8.380972520463121,-6.385070225290268,0.0
593,7.479288808123219,8.455906283970242,1.0
594,-10.077072821919334,-4.8612068447122345,0.0
595,-10.41486126735331,10.60498990165203,1.0
596,-13.255833793621013,4.313712129155791,1.0
597,-3.5132358782486923,5.757901638472741,0.0
598,-4.7464296648710445,-7.3453485708337745,1.0
599,-1.8143707968321496,12.012837027111502,1.0
600,-13.474316105402284,2.04605927581904,1.0
601,2.337545684539768,10.893826359320636,1.0
602,7.6875174896299665,-4.094771675541874,1.0
603,-9.706466979486128,-5.036618857772314,0.0
604,13.861467068687114,-5.822610884499799,0.0
605,9.880610442865066,3.6480271543268823,1.0
606,-0.4051639655783309,-11.83888205832612,0.0
607,-6.401286212763412,-9.764025036756092,0.0
608,2.7592703268787457,11.057449721189421,1.0
609,15.245433098548121,-1.0195028250598837,0.0
610,7.671127630151613,-10.887189003162748,0.0
611,-8.491526081301055,11.355029282506107,1.0
612,3.951796143920796,9.546204586661519,1.0
613,4.400828591975983,-6.912375153873044,1.0
614,6.5142024646174805,-10.303443920866615,0.0
615,-9.440276033153754,2.6870281112554073,0.0
616,-9.44924435700668,11.278710427902016,1.0
617,5.062317961211787,-12.86043051087586,0.0
618,-0.7321859782328062,-7.354982502431781,1.0
619,14.513367825910839,-1.5077795233558955,0.0
620,-14.436670916650048,2.877668187871163,1.0
621,-16.580367491192995,2.2159133690282373,1.0
622,6.520283325666874,9.01626526030846,1.0
623,1.1860071576660698,5.546277518383779,0.0
624,9.943184401513907,3.7503449897219725,1.0
625,-14.14139308193305,7.81640137522591,1.0
626,9.075005687738248,4.9936021827356045,1.0
627,-10.225646275507529,-3.597429300784088,0.0
628,5.722209867768097,-13.992742266885127,0.0
629,9.909207101326054,2.9568322912512714,1.0
630,-6.694818545165271,12.693813198674722,1.0
631,-5.419638758174839,15.304631722970756,1.0
632,-3.6660065724463555,-4.842446999359247,1.0
633,7.848140644274897,-10.596249199768648,0.0
634,6.840486354353935,7.123344547510168,1.0
635,5.538893346126489,-5.279806061364302,1.0
636,-4.081386332199509,-12.508146294300525,0.0
637,7.606361787821684,-11.14255809325602,0.0
638,1.3182518477482752,13.546054091302334,1.0
639,13.039607090992986,-4.48474767400853,0.0
640,-4.340236628657065,6.851966406743278,0.0
641,8.207278636160279,6.066819372210892,1.0
642,1.0447210760523278,6.197599046766201,0.0
643,5.660604673931819,-10.873753603040987,0.0
644,-9.193762823856893,-0.873301510774203,0.0
645,-0.3498499037978273,7.0122762548708035,0.0
646,3.8191256707691132,-7.21740618259658,1.0
647,-13.080496522992702,6.4546062699648115,1.0
648,-11.465545340072689,9.13109896924171,1.0
649,-2.397757562940897,13.22866884451348,1.0
650,-8.960056113087488,-1.0578676373991043,0.0
651,-7.292633210082874,-10.875924499883054,0.0
652,-2.4543124854802802,13.316655774661127,1.0
653,8.871388329698625,4.982700592847806,1.0
654,12.343021421899628,-7.719650366378533,0.0
655,16.154013890219378,-6.629878897599172,0.0
656,11.135251820990836,-8.459339329798393,0.0
657,14.505470441071383,-4.406444346100076,0.0
658,7.650354630330273,-2.5114080862136374,1.0
659,-9.028230553091067,-4.292497131197049,0.0
660,-9.847851773293668,9.656855953805719,1.0
661,10.304103457816469,-11.494300033566564,0.0
662,-9.569299473944934,11.61067681175414,1.0
663,6.0866022341483434,-12.28548203178072,0.0
664,2.5876762490948604,12.980406917699547,1.0
665,2.2071447749072006,-11.748694050527138,0.0
666,5.74479739171007,11.90716733781145,1.0
667,-9.26055451280925,10.599616380493913,1.0
668,-3.943080403076699,-12.833510158831682,0.0
669,-11.468348883698471,7.228902452774502,1.0
670,6.472428986214503,-1.9090923809373113,1.0
671,9.644056202568263,-8.071058118552425,0.0
672,-4.808745568587493,-11.119717587708982,0.0
673,7.065790017456513,-11.548985373849813,0.0
674,7.381550549646144,7.224496096520971,1.0
675,-14.204417185820855,2.324762613748727,1.0
676,-14.500844670019324,1.3606676790802623,1.0
677,13.808876465993494,-3.670803544004017,0.0
678,-8.173166016777346,-6.474746572138575,0.0
679,-0.5611843832822762,12.849838962948148,1.0
680,4.988721837796093,-11.00315554733238,0.0
681,9.941553637304395,1.8112129253137998,1.0
682,4.546801589714244,10.496328755706246,1.0
683,1.8991091161196512,-13.69351363996279,0.0
684,-0.7789683823821668,12.014999936457954,1.0
685,7.828344409963584,4.717356493350387,1.0
686,14.351029729823038,-1.5421542389795393,0.0
687,9.098311589747523,-2.044598565158378,1.0
688,1.3571701304797372,-7.245591601055615,1.0
689,-10.550041915192429,-2.444781604986438,0.0
690,6.443786810020451,-5.825776442456625,1.0
691,-4.86968602465554,12.303926318405356,1.0
692,-7.562506653671884,11.557981955544621,1.0
693,-5.08997553456194,12.4774676449055,1.0
694,12.177851813104322,6.313882582837502,1.0
695,5.60618354786337,-12.752382072797884,0.0
696,-3.0353853971685822,5.535174260894341,0.0
697,10.435376773647105,-6.7922427715116935,0.0
698,-0.8390000300582694,-6.869124333701741,1.0
699,-6.866471748988216,2.404719929157842,0.0
700,-3.5984719994144183,7.1305455052548945,0.0
701,9.959993857321182,6.008632413040393,1.0
702,1.4190535217236897,-13.405075553844828,0.0
703,-7.238739201798376,4.155609659434804,0.0
704,3.3913255369294077,-6.749030912923257,1.0
705,-8.116848891794282,12.120663763796331,1.0
706,-7.569444391565887,-7.8731645377185115,0.0
707,8.291963663453036,-13.36109181919102,0.0
708,-4.744307534829666,3.2478781036317463,0.0
709,-11.483837539500431,-4.9724529849710395,0.0
710,-3.412491178276543,-10.439265517442983,0.0
711,3.2512039702110105,-12.101754755386827,0.0
712,-0.6645282624575144,6.019892305948083,0.0
713,-14.593053350118442,2.3093800175164194,1.0
714,1.0272644383221228,-12.822321909218315,0.0
715,4.329133834434862,11.317507017632614,1.0
716,-4.45115625335671,-9.715589856016479,0.0
717,14.562321436936028,-4.662267072162602,0.0
718,9.590222312607564,4.278618743853247,1.0
719,7.96699341290055,7.806276750840095,1.0
720,-15.127947199338774,5.527112475920287,1.0
721,9.003279508461471,-11.99093914727321,0.0
722,14.905786251533204,-3.135242217013697,0.0
723,2.3324361338637605,-6.749973856438519,1.0
724,-7.733127356802229,4.748841206840699,0.0
725,-14.74703073934427,2.587509914127758,1.0
726,-3.97347459797667,13.312902436126363,1.0
727,-4.095167944024894,12.776202539657865,1.0
728,-7.480749062698684,11.813347050564463,1.0
729,-5.805005533901683,-10.112191976660684,0.0
730,9.778298499659664,-1.8189885820204792,1.0
731,-0.15596593258147395,-6.535803637570419,1.0
732,-12.234252891400944,8.281290874313905,1.0
733,-9.820805051178464,-3.571136866911765,0.0
734,12.243153471017333,-8.712465734469456,0.0
735,-6.741224685501466,13.275308781997715,1.0
736,9.00918545528739,-4.60373498810131,1.0
737,-0.2726038445334319,-5.0572398900357,1.0
738,3.0333901231404283,-6.877349928235147,1.0
739,9.268319048528383,3.38595962014791,1.0
740,1.460227808438685,4.50651134465609,0.0
741,-7.290414922376758,-8.627485386865525,0.0
742,-6.979026573195631,6.196331383548308,0.0
743,-13.131897233781514,7.409532301322651,1.0
744,-13.396159766527141,6.340754079726952,1.0
745,1.0797548091870046,12.559878094918936,1.0
746,7.534266025898409,9.320121914969828,1.0
747,-6.317796763132182,-11.221687165898668,0.0
748,-4.907966440629232,-11.727658798538913,0.0
749,2.8956799315125177,-7.5632391736533044,1.0
750,8.442765775507832,-8.479135503195645,0.0
751,-2.996261369774353,12.628469574951339,1.0
752,-2.7031386599225025,-12.742988003393052,0.0
753,-4.124886095275009,7.03888848774798,0.0
754,13.576392548843415,-0.8055393609920896,0.0
755,11.95889754922509,-8.304757760016026,0.0
756,7.327379225672894,-9.76361910442492,0.0
757,13.594547673747865,-2.5199683893741396,0.0
758,6.957054285725681,9.101533883121705,1.0
759,15.02693001575163,0.06654830192656624,0.0
760,6.863236511676735,3.527544714836814,1.0
761,7.786638029823677,-5.718810405980857,1.0
762,8.736177213989436,-10.434560826543585,0.0
763,11.719409802506942,-3.4182176889375704,0.0
764,8.829386926123677,4.183030869995439,1.0
765,0.5021802617557797,-6.641759031608623,1.0
766,-8.465544429757252,3.7016607666124277,0.0
767,-1.477490160428927,-11.548401377185456,0.0
768,-9.390725676911277,-0.6233058936942893,0.0
769,8.037084671227719,4.532945869382188,1.0
770,-8.448743537160201,-4.251180579089913,0.0
771,-1.2822573615983213,7.026724613590108,0.0
772,7.731315536458111,8.869847091117634,1.0
773,0.28651821571386177,-7.07799032668183,1.0
774,12.057725147303685,-9.086654149124834,0.0
775,-5.538526075847721,12.017757297126497,1.0
776,15.279163669670298,-1.7629643288910402,0.0
777,4.347711104008366,10.414001471900622,1.0
778,-0.021013534290467373,11.199587719757787,1.0
779,-16.546518743028834,0.26294649028726874,1.0
780,9.543404093601662,-1.6709385706868527,1.0
781,0.38924913834012376,-12.970469067878838,0.0
782,-0.28104214531157623,6.699958806535737,0.0
783,1.2859923471343124,11.903630106788933,1.0
784,3.4020047422864685,3.8279749057818075,0.0
785,0.5966075639108775,12.64125259826195,1.0
786,-7.6917744053438035,3.697025675114076,0.0
787,-2.9652532793154336,6.801723119529976,0.0
788,0.950265807703741,-6.833959544883078,1.0
789,-4.426445817406086,-10.033466209025905,0.0
790,-0.9848510680871412,-12.239355855962366,0.0
791,9.00456345765214,7.529184194302017,1.0
792,-4.625967077545069,5.274081094055617,0.0
793,-15.940449321418305,3.7513457719133543,1.0
794,-6.952428928801183,2.451970827530464,0.0
795,-5.649630876717317,5.571540786295515,0.0
796,15.606889084285323,-2.3164367147910068,0.0
797,9.55226382478446,-2.4435185931444705,1.0
798,10.015943271949475,-9.300797880539122,0.0
799,1.4001449889646278,-6.554041546669828,1.0
800,-3.123483746950718,-4.53249420219223,1.0
801,-6.6066805745812935,9.691107472224362,1.0
802,-4.392516370600161,5.05857391370768,0.0
803,6.600206540565609,10.185817184534603,1.0
804,13.706289599496058,-6.961307888826167,0.0
805,-13.995984295439342,1.5636062684993344,1.0
806,7.7936253352353,5.378794394751648,1.0
807,-16.37605984645549,5.818980441791308,1.0
808,-0.15364897212185435,6.964459703535006,0.0
809,-8.775676610749379,-8.00335983599588,0.0
810,6.657787472129236,7.976868700211666,1.0
811,8.038339802317537,-3.8248872071748643,1.0
812,-2.218983129265275,-3.9272969057050697,1.0
813,4.650708818852863,9.66499797615387,1.0
814,-7.759682496589898,4.797135278879585,0.0
815,8.184334896488995,3.2490643234201535,1.0
816,3.330617633881709,11.301540972336333,1.0
817,8.074676149051427,0.9466130175578792,1.0
818,-14.746371934116539,6.061538619497985,1.0
819,-12.077384609877463,8.039845627758089,1.0
820,-6.446165702383924,-10.12214276531717,0.0
821,13.11035297580415,-5.56671179141614,0.0
822,-4.894665206057202,-12.062872417017653,0.0
823,-8.583916300554643,-7.336368471998551,0.0
824,-8.936099740694479,0.17423968305741555,0.0
825,-4.427934907880732,11.457926145781386,1.0
826,-6.591974481189595,3.711280562120565,0.0
827,-5.6478388911470825,5.31007647402835,0.0
828,-5.619218564240344,7.744737260532307,0.0
829,3.4256149496671346,-6.04304763215854,1.0
830,-1.6314979623526122,-4.741815898606234,1.0
831,-2.665448827647154,6.800685134271914,0.0
832,-2.6902501885989487,-13.191456881904186,0.0
833,15.637641957468901,-2.5439680030491045,0.0
834,-5.360802145910503,13.720108177479032,1.0
835,12.033015827237074,-6.896881972191527,0.0
836,-0.7861988704814598,12.122201037857256,1.0
837,1.474671993171888,-7.387454203399725,1.0
838,-0.7558047178956542,-7.798778498216298,1.0
839,15.852695020050735,0.817068970980839,0.0
840,3.4628903926062264,-5.834738364879198,1.0
841,-2.84980891185167,12.106991567510757,1.0
842,-8.630481190516386,-1.4392040605824838,0.0
843,12.321824490738948,-7.487131177110098,0.0
844,-14.892253082568011,1.5151387508828673,1.0
845,11.59026248401117,-11.13711720657314,0.0
846,-8.92056047676511,-6.396872290931229,0.0
847,11.221825442891134,-10.354484726920514,0.0
848,-13.643214658077857,1.8648974167931343,1.0
849,-2.9165107547752283,-11.278086251811853,0.0
850,18.423479466373507,-1.028839683463152,0.0
851,-3.1558601091358263,12.969928221972681,1.0
852,-2.190589000739104,12.845960434568756,1.0
853,-3.4373040116520626,12.290305180137747,1.0
854,-13.15540062686374,4.828761695421019,1.0
855,-8.102541533082372,0.677823735674383,0.0
856,3.2777842126602943,6.028148878303497,0.0
857,-4.596228570396314,14.224769765149478,1.0
858,0.548418574541116,-7.1555694437401876,1.0
859,2.9648809232049707,12.784689826815406,1.0
860,8.233074405720386,6.624933779009879,1.0
861,3.9708554498669777,-5.103134480940142,1.0
862,10.613628800141402,2.9044628924437332,1.0
863,-11.100040726208464,8.600148809532378,1.0
864,-13.520687740892788,5.0787756032172116,1.0
865,-5.751430601040088,6.403180624393984,0.0
866,14.403102485287352,-4.774566982414845,0.0
867,-14.512458932575349,5.641428839759255,1.0
868,-0.7364132778699983,12.199176587028461,1.0
869,9.13764974819033,2.678328808345725,1.0
870,-2.9721407636538957,6.458628259289083,0.0
871,-7.216211059989366,12.472536124797658,1.0
872,-7.764172420478569,11.452732697333683,1.0
873,9.36139118086511,-9.685879977243683,0.0
874,-12.555269110770023,7.055277561812861,1.0
875,8.19576405815866,-9.093868105115401,0.0
876,4.415517062141946,-4.947783979047258,1.0
877,7.0000425729280815,-3.2036786069186345,1.0
878,5.04722005062583,9.558365196611852,1.0
879,7.880388989446004,9.267042380836813,1.0
880,8.891032418250385,6.779858488286655,1.0
881,7.965981011410893,-2.9723940849925725,1.0
882,-1.0528327574642533,-6.2630211973559105,1.0
883,-10.000968083315303,3.2767184180346027,0.0
884,-5.9272840093721335,12.155828780421537,1.0
885,6.502897209484744,11.387388437047106,1.0
886,10.000693729031278,8.983205084686121,1.0
887,-4.575191149043071,12.800439258587433,1.0
888,2.4085233196600724,-13.395876732928558,0.0
889,1.2064695389629378,13.468613539838309,1.0
890,-9.889448459001692,9.030282188607286,1.0
891,3.5938010066775075,-12.206141175226445,0.0
892,5.119282096768225,-12.958515145742924,0.0
893,-8.436023167408782,-6.443573194618905,0.0
894,-4.259799653496422,-12.053809205466203,0.0
895,8.30148678620794,-4.275067354871558,1.0
896,-9.244008022381738,1.7386439775275178,0.0
897,-2.8017914776293105,-12.248322220773183,0.0
898,-6.389542651094653,-9.79052699910965,0.0
899,9.545143204439857,4.937285975804684,1.0
900,10.96303402020375,-9.631819344482398,0.0
901,12.613848617789438,-7.9621154793008,0.0
902,-12.55373092426736,4.688480334050281,1.0
903,10.22433497528281,-0.6010938688479116,1.0
904,-3.2534479560095395,9.9017075573649,1.0
905,-5.6599905000010065,13.177114156212202,1.0
906,11.506371491462867,-9.366929975241778,0.0
907,-0.5043890312073686,6.918450946566591,0.0
908,-17.709593285303733,1.7377364495266354,1.0
909,5.533351108780553,11.287699677241296,1.0
910,17.081074854376435,-1.0180325377195385,0.0
911,-0.6470604526492902,-12.446110752486629,0.0
912,14.965996828847565,-3.807920974649336,0.0
913,-15.787357529465037,2.3543234531716717,1.0
914,9.056777371209034,2.916146846683599,1.0
915,-6.132401339156726,4.289079044786596,0.0
916,-8.964557458780968,-5.654824824196252,0.0
917,5.689128646534068,-4.909397378288214,1.0
918,0.4143207892868871,-7.502945546156056,1.0
919,-15.476131135871857,3.8449319511200124,1.0
920,-2.5462984471663845,13.33350641641289,1.0
921,-10.652334406912722,6.960728436972951,1.0
922,-9.862460530452246,2.0594989017373795,0.0
923,0.06718256836517603,14.102596572359237,1.0
924,5.2185295713694755,9.947776343265454,1.0
925,11.996159291122481,-7.593159024138327,0.0
926,-9.209433142135135,11.0702336207697,1.0
927,11.587987124594653,-10.249645897230248,0.0
928,-0.856074613868574,4.315036075989953,0.0
929,-0.016036831132814955,5.794414177071588,0.0
930,-3.4729761503399406,12.934263072479174,1.0
931,-12.937267875142997,6.320586247469978,1.0
932,-11.867607537269304,6.325461194550233,1.0
933,14.59131052256959,-2.656169076219329,0.0
934,-1.6299009170520673,-6.324962008431227,1.0
935,-13.060024541887707,4.986689466768367,1.0
936,-17.22578757356647,2.2975507860913793,1.0
937,-3.8482426965176,5.25894552310757,0.0
938,3.5144661283686656,10.813820811539,1.0
939,-6.686047809954935,6.317299586949805,0.0
940,11.295532298149636,-5.428846540750732,0.0
941,-12.407108318627595,9.625780990372125,1.0
942,0.4318471807405171,-11.68127233430206,0.0
943,1.4976660599382947,-12.802379064503501,0.0
944,-0.9882743036161109,14.107600680367693,1.0
945,-13.896168033322521,3.309375732710144,1.0
946,2.7246583764337533,-11.536555096689739,0.0
947,11.738945521294232,-10.439535877252267,0.0
948,6.475519526132412,8.904228277495674,1.0
949,-14.75496690201369,1.2580429733568697,1.0
950,-11.1219625372477,6.619703788905916,1.0
951,10.306798059390802,-9.515848927741013,0.0
952,7.270673932091947,9.695913128701054,1.0
953,7.31716850312085,-3.7578365013180166,1.0
954,-0.5775200986203203,8.162179937500584,0.0
955,7.12571379961389,8.515527960699226,1.0
956,3.86901081339839,-6.080316861811054,1.0
957,12.648368985331555,-6.551013286127961,0.0
958,-8.899669052457465,-10.68595990506915,0.0
959,-14.813997077685134,1.3727374519410522,1.0
960,-5.5496207255502,4.630637776157912,0.0
961,1.926054977728766,-13.491606046414521,0.0
962,2.0568348071620473,-12.788993150315749,0.0
963,0.2536380108439774,14.317513675633869,1.0
964,8.069755425834568,7.503134618518383,1.0
965,0.48597358111821376,-12.057897875416918,0.0
966,9.049020423574952,7.581658403768019,1.0
967,-6.212506907239205,11.476395305955505,1.0
968,-4.827242242162859,-9.326696011858482,0.0
969,-0.6421630327734796,-6.636336004366571,1.0
970,-6.495854868422424,12.361726675087207,1.0
971,-6.171819225660651,-10.469619452975996,0.0
972,-6.554685562251287,-6.414407834331539,0.0
973,-5.478791356369804,-11.0225671206597,0.0
974,-16.422745607188347,4.1812502305082555,1.0
975,9.14013619109564,-0.606429116652194,1.0
976,11.563609651914108,-10.091250088475075,0.0
977,14.700400973251892,-2.022635283938044,0.0
978,2.9530328543606714,9.533270642843929,1.0
979,-13.182218694556127,6.217325724326598,1.0
980,15.107897456508136,-5.973503008577674,0.0
981,-4.064954625619191,-9.03674917677024,0.0
982,-1.4318489237585361,-11.687066984934436,0.0
983,-17.25846028800062,1.8141864690747729,1.0
984,-14.75522709253315,1.2344624915803992,1.0
985,-6.924175146983807,-6.673753798761537,0.0
986,-0.5534606409827832,-13.402665814577967,0.0
987,-2.2176545894140958,-10.304671177374232,0.0
988,11.772929742010023,-8.688394569939545,0.0
989,13.733563768962394,-4.2991462117460415,0.0
990,-13.045632572318116,9.512059103599647,1.0
991,14.415305949707202,-4.2938389765204334,0.0
992,-0.92594378530764,-6.969467453355515,1.0
993,-8.237686617429977,12.230865642509727,1.0
994,1.6028026446827484,-12.801035420905144,0.0
995,-12.381364694570854,7.536559982164384,1.0
996,5.944381991838978,10.102891146500191,1.0
997,10.646251456450104,-9.99063078015324,0.0
998,-0.12434567899700877,12.279109391338077,1.0
999,9.073772465460001,5.5410082057446415,1.0
1000,0.9188306383109361,-7.102720761580133,1.0
1001,-13.827534598166274,8.217937169306348,1.0
1002,8.479827237939318,7.566552401796752,1.0
1003,2.7785519889246793,-6.987704756237362,1.0
1004,-5.941000906997116,-12.479612263318764,0.0
1005,6.859467436162601,9.415635338494324,1.0
1006,-9.483951422599521,0.2896098663767146,0.0
1007,6.3660312919371,11.60424134224306,1.0
1008,-3.0746426294996145,6.235724975514942,0.0
1009,2.478176413100686,12.598007755881852,1.0
1010,-7.712029713631776,1.9390336565570112,0.0
1011,-6.187672265750205,5.247218050012966,0.0
1012,0.5922270388823551,6.509515972892139,0.0
1013,-7.525407327434584,2.1054716947067895,0.0
1014,5.983811765966096,-5.028068510363028,1.0
1015,1.6155453942190112,-12.942235778736022,0.0
1016,-7.429314013048649,-5.828043394442193,0.0
1017,-3.288432145922201,6.53510567185126,0.0
1018,7.669237209551161,8.424347342681244,1.0
1019,8.927526182006622,-4.338357663500466,1.0
1020,-15.483976701048078,3.188396299213803,1.0
1021,8.619099452387152,-10.409556228626993,0.0
1022,-6.508478342349053,4.620566279585346,0.0
1023,-9.090758192294436,-0.6477703236198039,0.0
1024,10.528957452214566,-10.556211503735952,0.0
1025,8.60199947108168,6.815921759995733,1.0
1026,0.4010893325322902,4.397404063766779,0.0
1027,5.249471045571889,-5.023558419081564,1.0
1028,-8.831052461796576,-4.274541601321438,0.0
1029,-4.6927143307691255,-12.499850688819388,0.0
1030,-0.563444461700295,-6.122231953708266,1.0
1031,-0.5687289262422286,13.841950240144314,1.0
1032,-9.147264653865173,-6.527373884755137,0.0
1033,-0.7849924276479382,-10.807149601097516,0.0
1034,-8.706518665691677,3.55023447412443,0.0
1035,7.749527402735895,-2.4808823857681164,1.0
1036,-14.115626416649015,4.269465441400176,1.0
1037,2.031102189768586,11.96573981417556,1.0
1038,-13.594166867497414,3.860864301486598,1.0
1039,7.823292534305162,5.8591833510477,1.0
1040,-1.3626245457852986,-4.538245669344565,1.0
1041,14.406496818694299,-1.181870598913066,0.0
1042,11.48816428553341,2.382630286210028,1.0
1043,-8.384191864856097,-6.000178108492207,0.0
1044,18.07268078195382,0.2354403869627102,0.0
1045,0.38681916256661353,12.737249012408498,1.0
1046,-2.82613418820743,-11.518142611959975,0.0
1047,8.121970306862334,5.966936347996048,1.0
1048,4.735892703940235,-10.374770108667562,0.0
1049,6.7999341566282885,6.009633570384652,1.0
1050,-7.384435110731016,-9.135062664270022,0.0
1051,9.538409302267647,-0.20787662752076908,1.0
1052,-0.11160781156095811,13.371503740820744,1.0
1053,2.0315435688803616,11.845824581629026,1.0
1054,-2.5616751274231797,-11.653555073178461,0.0
1055,-9.15459218735743,-6.213041253332932,0.0
1056,-0.8668253508920798,14.219543437899034,1.0
1057,5.050460127424556,-5.752067876197829,1.0
1058,12.48317473367534,1.9085265928829025,1.0
1059,-8.112141278694448,-2.1682486649345405,0.0
1060,5.1036282307104734,-6.55745305399435,1.0
1061,-8.1346415838573,-9.19639740720859,0.0
1062,-5.429197145180307,-7.990150594150378,0.0
1063,-7.651820793516741,-10.080711379345228,0.0
1064,-1.022665376566362,-5.454469734436718,1.0
1065,4.169595484355563,1.3869092071079314,0.0
1066,-2.2503117319754278,-10.98851074141668,0.0
1067,-8.561253107331419,-5.353715176729037,0.0
1068,-7.2982859546487715,-6.447076070649244,0.0
1069,1.067729806888186,6.502753994838872,0.0
1070,-9.723294530751868,-2.271223587128685,0.0
1071,15.175461496505315,-1.559016381795095,0.0
1072,8.397874428381447,-9.288814197603834,0.0
1073,-4.761900748872187,11.825238400278483,1.0
1074,-3.9288465193080864,12.244554182826032,1.0
1075,14.266644815659516,-2.260835366609975,0.0
1076,-3.667847436917117,12.190472287776027,1.0
1077,8.281670598885327,-0.03128895758823025,1.0
1078,-8.649401159343897,-6.363183330422667,0.0
1079,-9.316360022580389,11.306024139926437,1.0
1080,-6.2066443673667315,13.462981963745493,1.0
1081,-13.613311256264181,7.472780862255841,1.0
1082,-13.046681574663385,5.926089480663223,1.0
1083,-10.022807856892898,2.3318682067397676,0.0
1084,9.015098116508314,-2.138109562353453,1.0
1085,-5.840379965228777,11.57555713916611,1.0
1086,4.187453235130943,-11.5918296762496,0.0
1087,2.0626872209881246,-12.770024969690922,0.0
1088,-9.771905760731636,-4.726900927982218,0.0
1089,-1.5681584843760283,-6.575837632569499,1.0
1090,13.047377923511934,-6.235113276763169,0.0
1091,6.175713411610052,-7.376394595259255,1.0
1092,12.278029363387857,-6.927489276580747,0.0
1093,12.296816492653587,-9.379716406306972,0.0
1094,16.55298109012119,-0.842700552580834,0.0
1095,10.70366239144147,1.37826906593365,1.0
1096,-0.7087705141621785,13.351412776174612,1.0
1097,-3.3660206588931185,-3.9617964954554523,1.0
1098,-8.12436171344686,2.7795604523090036,0.0
1099,8.50831448279934,7.234073370738231,1.0
1100,-0.8831392739058406,-6.025669706749021,1.0
1101,8.417149503121314,-1.7238574148651091,1.0
1102,-5.009255060312467,10.751359464825216,1.0
1103,4.700522680739074,-6.8353854644086764,1.0
1104,1.1743991263252338,13.047150362565464,1.0
1105,5.660668616953995,10.370797406514756,1.0
1106,-9.492419945910143,-0.6542712368309319,0.0
1107,14.742706278875172,-4.944138348254129,0.0
1108,-0.23744788620138157,7.104210126232134,0.0
1109,8.628432607950177,0.48283984927962614,1.0
1110,17.79994960728123,0.49555348100799573,0.0
1111,0.7861220945468766,12.855766994112065,1.0
1112,0.944375498612053,-13.568470037253663,0.0
1113,-4.303414273720104,12.33632149244935,1.0
1114,1.3531949295595211,2.306008332752249,0.0
1115,-2.0660120914291276,6.066411231964202,0.0
1116,11.557010036871828,-8.745163654085585,0.0
1117,8.323851426004687,10.676874592474224,1.0
1118,-13.084437663738916,6.574675261558215,1.0
1119,-1.4438050526699135,12.52468680433017,1.0
1120,7.14439258901242,-1.5034581372229336,1.0
1121,-4.4473278323263505,-2.2130603598686434,1.0
1122,-4.758139455391273,4.516357461430548,0.0
1123,-7.723590242374635,-6.610175767775467,0.0
1124,9.603418076222004,-0.5128191416247202,1.0
1125,9.097246458688016,-3.1319360700265824,1.0
1126,-3.0417815315315178,-12.450297437821208,0.0
1127,-7.67762667134651,-7.523326794794302,0.0
1128,0.3551430593665681,-5.637651285015291,1.0
1129,15.105352901485839,-6.938095357647357,0.0
1130,4.8179483440499595,11.578793601992713,1.0
1131,14.272069619710177,-4.010536236970048,0.0
1132,-4.638205918901256,-12.213915013975702,0.0
1133,3.5966577035215215,-13.187109820591816,0.0
1134,-1.5261418424358317,12.97535379450223,1.0
1135,-9.710535745914953,-4.1615620567836125,0.0
1136,4.0339459348046915,11.666323266305149,1.0
1137,7.193953813709566,-11.56271689186033,0.0
1138,-12.262744176008969,9.324253992046112,1.0
1139,-1.2442137865815452,-6.3917523771273075,1.0
1140,15.280585197573881,-4.705249909283959,0.0
1141,0.9446167573131514,6.167574038974641,0.0
1142,7.2881267712376605,8.807665922138302,1.0
1143,14.263583637788736,-3.2216102004126768,0.0
1144,6.745650790039921,-3.697500392620973,1.0
1145,-10.571665267500407,10.31131502709312,1.0
1146,10.554037555254384,-6.186920420499184,0.0
1147,12.107650468386058,3.235251140000177,1.0
1148,-0.7517738602902437,-4.946370040381569,1.0
1149,-7.22977108126623,-8.6132606622884,0.0
1150,-10.376002657616164,11.507102859760499,1.0
1151,-10.818774501378101,-2.8441782928811072,0.0
1152,15.701392529037332,-2.253212922520275,0.0
1153,11.158814992047184,-8.111098111414083,0.0
1154,-3.21847822625344,-5.043237330271636,1.0
1155,11.707037745198747,-9.28468192093096,0.0
1156,9.535132967731142,5.453580618340653,1.0
1157,4.32668474299971,-4.006210578436871,1.0
1158,6.409244306273223,-3.95778340482474,1.0
1159,9.101358573554656,-10.84994807941607,0.0
1160,13.771879141887611,-5.384560490608724,0.0
1161,3.966993171416308,-14.159233792959277,0.0
1162,-6.901201967400942,-12.720379736993738,0.0
1163,-0.26402727804932075,-13.08173205837927,0.0
1164,0.504210574640511,10.500085126113449,1.0
1165,1.8032644201661774,12.422214324592833,1.0
1166,-1.8054830292937236,12.83348806904338,1.0
1167,-4.232119268892104,-10.822346098070028,0.0
1168,-4.122175592662065,-11.75340191197243,0.0
1169,-0.3558293027240234,-8.513559967628755,1.0
1170,-3.65027947318926,-2.5563090735307714,1.0
1171,-8.670478756829137,10.06349814615348,1.0
1172,-8.997350632374465,11.005227712278392,1.0
1173,-14.637100570584117,0.4015782083906754,1.0
1174,-3.8989986778525245,-0.5453646658298872,1.0
1175,-8.128471374101851,-5.773231169626408,0.0
1176,6.024156050064267,-3.283237895622355,1.0
1177,4.421133528464667,-11.693537113436136,0.0
1178,0.8426065633128089,12.248275462044587,1.0
1179,15.08975257015357,-5.504615735989374,0.0
1180,-0.7669971663164272,11.673075722933506,1.0
1181,-14.742962595078852,3.5335081299928746,1.0
1182,-8.368290761130117,11.984598729262743,1.0
1183,5.303031201220261,-6.803910021661617,1.0
1184,-1.6400102112585968,12.632151444171242,1.0
1185,-5.890214892495686,3.8382047758964455,0.0
1186,16.861913127882787,-5.200110124800269,0.0
1187,7.705429468192414,5.773120372619373,1.0
1188,-3.5360681778628624,13.02564866081539,1.0
1189,-6.201340127681223,4.647037756239997,0.0
1190,12.251210073541088,2.5131889804505594,1.0
1191,6.149006757020115,-12.088526046111735,0.0
1192,-0.021192012266610757,-5.730475378961871,1.0
1193,5.70370054094101,-12.76313390107839,0.0
1194,-11.356021241511225,10.227700283989876,1.0
1195,6.779559745853182,-4.5337209888477314,1.0
1196,-5.718840930354943,-10.133771387692551,0.0
1197,-3.3726705439419584,-11.128400662644673,0.0
1198,-10.471826379943801,11.494445438284078,1.0
1199,6.3305147301956755,-4.412084508946365,1.0
